CodTransaccion,NroFormulario,CodCampus,Marca,Categoria,Tipo,ValUnid,Proveedor,NroSerial,EmpresaResponsable,Estado,Historial
327,966217823,CPU001,Compumax,Equipo de computo,Cpu,,Compumax Computer ,400SN39173,Campuslands,0,[]
327,966217823,MON001,Compumax,Equipo de computo,Monitor,,Compumax Computer ,COM2024CM21070723,Campuslands,0,[]
327,966217823,TEC001,Compumax,Equipo de computo,Teclado,,Compumax Computer ,KBM130091706,Campuslands,0,[]
327,966217823,MOU001,Compumax,Equipo de computo,Mouse,,Compumax Computer ,Sin serial ,Campuslands,0,[]
327,966217823,CPU002,Compumax,Equipo de computo,Cpu,,Compumax Computer ,400SN39208,Campuslands,0,[]
327,966217823,MON002,Compumax,Equipo de computo,Monitor,,Compumax Computer ,COM2024CM21070880,Campuslands,0,[]
327,966217823,TEC002,Compumax,Equipo de computo,Teclado,,Compumax Computer ,KBM130090718,Campuslands,0,[]
327,966217823,MOU002,Compumax,Equipo de computo,Mouse,,Compumax Computer ,Sin serial ,Campuslands,0,[]
327,966217823,CPU003,Compumax,Equipo de computo,Cpu,,Compumax Computer ,400SN39182,Campuslands,0,[]
327,966217823,MON003,Compumax,Equipo de computo,Monitor,,Compumax Computer ,COM2024CM21070018,Campuslands,0,[]
327,966217823,TEC003,Compumax,Equipo de computo,Teclado,,Compumax Computer ,KBM130090717,Campuslands,0,[]
327,966217823,MOU003,Compumax,Equipo de computo,Mouse,,Compumax Computer ,Sin serial ,Campuslands,0,[]
327,966217823,CPU004,Compumax,Equipo de computo,Cpu,,Compumax Computer ,400SN39190,Campuslands,0,[]
327,966217823,MON004,Compumax,Equipo de computo,Monitor,,Compumax Computer ,COM2024CM21070876,Campuslands,0,[]
327,966217823,TEC004,Compumax,Equipo de computo,Teclado,,Compumax Computer ,KBM130090719,Campuslands,0,[]
327,966217823,MOU004,Compumax,Equipo de computo,Mouse,,Compumax Computer ,Sin serial ,Campuslands,0,[]
327,966217823,CPU005,Compumax,Equipo de computo,Cpu,,Compumax Computer ,400SN39186,Campuslands,0,[]
327,966217823,MON005,Compumax,Equipo de computo,Monitor,,Compumax Computer ,COM2024CM21070838,Campuslands,0,[]
327,966217823,TEC005,Compumax,Equipo de computo,Teclado,,Compumax Computer ,KBM130091718,Campuslands,0,[]
327,966217823,MOU005,Compumax,Equipo de computo,Mouse,,Compumax Computer ,Sin serial ,Campuslands,0,[]
327,966217823,CPU006,Compumax,Equipo de computo,Cpu,,Compumax Computer ,400SN39198,Campuslands,0,[]
327,966217823,MON006,Compumax,Equipo de computo,Monitor,,Compumax Computer ,COM2024CM21070638,Campuslands,0,[]
327,966217823,TEC006,Compumax,Equipo de computo,Teclado,,Compumax Computer ,KBM130091719,Campuslands,0,[]
327,966217823,MOU006,Compumax,Equipo de computo,Mouse,,Compumax Computer ,Sin serial ,Campuslands,0,[]
327,966217823,CPU007,Compumax,Equipo de computo,Cpu,,Compumax Computer ,102SN55107,Campuslands,0,[]
327,966217823,MON007,Compumax,Equipo de computo,Monitor,,Compumax Computer ,COM2024CM21070037,Campuslands,0,[]
327,966217823,TEC007,Compumax,Equipo de computo,Teclado,,Compumax Computer ,KBM130091731,Campuslands,0,[]
327,966217823,MOU007,Compumax,Equipo de computo,Mouse,,Compumax Computer ,Sin serial ,Campuslands,0,[]
327,966217823,CPU008,Compumax,Equipo de computo,Cpu,,Compumax Computer ,102SN55106,Campuslands,0,[]
327,966217823,MON008,Compumax,Equipo de computo,Monitor,,Compumax Computer ,COM2024CM21070115,Campuslands,0,[]
327,966217823,TEC008,Compumax,Equipo de computo,Teclado,,Compumax Computer ,KBM130091732,Campuslands,0,[]
327,966217823,MOU008,Compumax,Equipo de computo,Mouse,,Compumax Computer ,Sin serial ,Campuslands,0,[]
327,966217823,CPU009,Compumax,Equipo de computo,Cpu,,Compumax Computer ,400SN39204,Campuslands,0,[]
327,966217823,MON009,Compumax,Equipo de computo,Monitor,,Compumax Computer ,COM2024CM21070874,Campuslands,0,[]
327,966217823,TEC009,Compumax,Equipo de computo,Teclado,,Compumax Computer ,KBM130090731,Campuslands,0,[]
327,966217823,MOU009,Compumax,Equipo de computo,Mouse,,Compumax Computer ,Sin serial ,Campuslands,0,[]
327,966217823,CPU010,Compumax,Equipo de computo,Cpu,,Compumax Computer ,400SN39214,Campuslands,0,[]
327,966217823,MON010,Compumax,Equipo de computo,Monitor,,Compumax Computer ,COM2024CM21070105,Campuslands,0,[]
327,966217823,TEC010,Compumax,Equipo de computo,Teclado,,Compumax Computer ,KBM130090732,Campuslands,0,[]
327,966217823,MOU010,Compumax,Equipo de computo,Mouse,,Compumax Computer ,Sin serial ,Campuslands,0,[]
327,966217823,CPU011,Compumax,Equipo de computo,Cpu,,Compumax Computer ,400SN39189,Campuslands,0,[]
327,966217823,MON011,Compumax,Equipo de computo,Monitor,,Compumax Computer ,COM2024CM21070010,Campuslands,0,[]
327,966217823,TEC011,Compumax,Equipo de computo,Teclado,,Compumax Computer ,KBM130091733,Campuslands,0,[]
327,966217823,MOU011,Compumax,Equipo de computo,Mouse,,Compumax Computer ,Sin serial ,Campuslands,0,[]
327,966217823,CPU012,Compumax,Equipo de computo,Cpu,,Compumax Computer ,400SN39223,Campuslands,0,[]
327,966217823,MON012,Compumax,Equipo de computo,Monitor,,Compumax Computer ,COM2024CM21070109,Campuslands,0,[]
327,966217823,TEC012,Compumax,Equipo de computo,Teclado,,Compumax Computer ,KBM130090703,Campuslands,0,[]
327,966217823,MOU012,Compumax,Equipo de computo,Mouse,,Compumax Computer ,Sin serial ,Campuslands,0,[]
327,966217823,CPU013,Compumax,Equipo de computo,Cpu,,Compumax Computer ,400SN39229,Campuslands,0,[]
327,966217823,MON013,Compumax,Equipo de computo,Monitor,,Compumax Computer ,COM2024CM21070502,Campuslands,0,[]
327,966217823,TEC013,Compumax,Equipo de computo,Teclado,,Compumax Computer ,KBM130090708,Campuslands,0,[]
327,966217823,MOU013,Compumax,Equipo de computo,Mouse,,Compumax Computer ,Sin serial ,Campuslands,0,[]
327,966217823,CPU014,Compumax,Equipo de computo,Cpu,,Compumax Computer ,400SN39178,Campuslands,0,[]
327,966217823,MON014,Compumax,Equipo de computo,Monitor,,Compumax Computer ,COM2024CM21070136,Campuslands,0,[]
327,966217823,TEC014,Compumax,Equipo de computo,Teclado,,Compumax Computer ,KBM130091708,Campuslands,0,[]
327,966217823,MOU014,Compumax,Equipo de computo,Mouse,,Compumax Computer ,Sin serial ,Campuslands,0,[]
327,966217823,CPU015,Compumax,Equipo de computo,Cpu,,Compumax Computer ,400SN39196,Campuslands,0,[]
327,966217823,MON015,Compumax,Equipo de computo,Monitor,,Compumax Computer ,COM2024CM21070001,Campuslands,0,[]
327,966217823,TEC015,Compumax,Equipo de computo,Teclado,,Compumax Computer ,KBM130091707,Campuslands,0,[]
327,966217823,MOU015,Compumax,Equipo de computo,Mouse,,Compumax Computer ,Sin serial ,Campuslands,0,[]
327,966217823,CPU016,Compumax,Equipo de computo,Cpu,,Compumax Computer ,102SN55081,Campuslands,0,[]
327,966217823,MON016,Compumax,Equipo de computo,Monitor,,Compumax Computer ,COM2024CM21070846,Campuslands,0,[]
327,966217823,TEC016,Compumax,Equipo de computo,Teclado,,Compumax Computer ,KBM130090709,Campuslands,0,[]
327,966217823,MOU016,Compumax,Equipo de computo,Mouse,,Compumax Computer ,Sin serial ,Campuslands,0,[]
327,966217823,CPU017,Compumax,Equipo de computo,Cpu,,Compumax Computer ,400SN39183,Campuslands,0,[]
327,966217823,MON017,Compumax,Equipo de computo,Monitor,,Compumax Computer ,COM2024CM21070211,Campuslands,0,[]
327,966217823,TEC017,Compumax,Equipo de computo,Teclado,,Compumax Computer ,KBM130091709,Campuslands,0,[]
327,966217823,MOU017,Compumax,Equipo de computo,Mouse,,Compumax Computer ,Sin serial ,Campuslands,0,[]
327,966217823,CPU018,Compumax,Equipo de computo,Cpu,,Compumax Computer ,102SN55098,Campuslands,0,[]
327,966217823,MON018,Compumax,Equipo de computo,Monitor,,Compumax Computer ,COM2024CM21070733,Campuslands,0,[]
327,966217823,TEC018,Compumax,Equipo de computo,Teclado,,Compumax Computer ,KBM130090710,Campuslands,0,[]
327,966217823,MOU018,Compumax,Equipo de computo,Mouse,,Compumax Computer ,Sin serial ,Campuslands,0,[]
327,966217823,CPU019,Compumax,Equipo de computo,Cpu,,Compumax Computer ,102SN55108,Campuslands,0,[]
327,966217823,MON019,Compumax,Equipo de computo,Monitor,,Compumax Computer ,COM2024CM21070287,Campuslands,0,[]
327,966217823,TEC019,Compumax,Equipo de computo,Teclado,,Compumax Computer ,KBM130091748,Campuslands,0,[]
327,966217823,MOU019,Compumax,Equipo de computo,Mouse,,Compumax Computer ,Sin serial ,Campuslands,0,[]
327,966217823,CPU020,Compumax,Equipo de computo,Cpu,,Compumax Computer ,400SN39224,Campuslands,0,[]
327,966217823,MON020,Compumax,Equipo de computo,Monitor,,Compumax Computer ,COM2024CM21070629,Campuslands,0,[]
327,966217823,TEC020,Compumax,Equipo de computo,Teclado,,Compumax Computer ,KBM130090748,Campuslands,0,[]
327,966217823,MOU020,Compumax,Equipo de computo,Mouse,,Compumax Computer ,,Campuslands,0,[]
327,966217823,CPU021,Compumax,Equipo de computo,Cpu,,Compumax Computer ,400SN39179,Campuslands,0,[]
327,966217823,MON021,Compumax,Equipo de computo,Monitor,,Compumax Computer ,COM2024CM21070188,Campuslands,0,[]
327,966217823,TEC021,Compumax,Equipo de computo,Teclado,,Compumax Computer ,KBM130090749,Campuslands,0,[]
327,966217823,MOU021,Compumax,Equipo de computo,Mouse,,Compumax Computer ,Sin serial ,Campuslands,0,[]
327,966217823,CPU022,Compumax,Equipo de computo,Cpu,,Compumax Computer ,102SN55092,Campuslands,0,[]
327,966217823,MON022,Compumax,Equipo de computo,Monitor,,Compumax Computer ,COM2024CM21070050,Campuslands,0,[]
327,966217823,TEC022,Compumax,Equipo de computo,Teclado,,Compumax Computer ,KBM130090705,Campuslands,0,[]
327,966217823,MOU022,Compumax,Equipo de computo,Mouse,,Compumax Computer ,Sin serial ,Campuslands,0,[]
327,966217823,CPU023,Compumax,Equipo de computo,Cpu,,Compumax Computer ,400SN39187,Campuslands,0,[]
327,966217823,MON023,Compumax,Equipo de computo,Monitor,,Compumax Computer ,COM2024CM21070663,Campuslands,0,[]
327,966217823,TEC023,Compumax,Equipo de computo,Teclado,,Compumax Computer ,KBM130090733,Campuslands,0,[]
327,966217823,MOU023,Compumax,Equipo de computo,Mouse,,Compumax Computer ,Sin serial ,Campuslands,0,[]
327,966217823,CPU024,Compumax,Equipo de computo,Cpu,,Compumax Computer ,400SN39200,Campuslands,0,[]
327,966217823,MON024,Compumax,Equipo de computo,Monitor,,Compumax Computer ,COM2024CM21070705,Campuslands,0,[]
327,966217823,TEC024,Compumax,Equipo de computo,Teclado,,Compumax Computer ,KBM130091705,Campuslands,0,[]
327,966217823,MOU024,Compumax,Equipo de computo,Mouse,,Compumax Computer ,Sin serial ,Campuslands,0,[]
327,966217823,CPU025,Compumax,Equipo de computo,Cpu,,Compumax Computer ,102SN55091,Campuslands,0,[]
327,966217823,MON025,Compumax,Equipo de computo,Monitor,,Compumax Computer ,COM2024CM21070754,Campuslands,0,[]
327,966217823,TEC025,Compumax,Equipo de computo,Teclado,,Compumax Computer ,KBM130091701,Campuslands,0,[]
327,966217823,MOU025,Compumax,Equipo de computo,Mouse,,Compumax Computer ,Sin serial ,Campuslands,0,[]
327,966217823,CPU026,Compumax,Equipo de computo,Cpu,,Compumax Computer ,400SN39237,Campuslands,0,[]
327,966217823,MON026,Compumax,Equipo de computo,Monitor,,Compumax Computer ,COM2024CM21070394,Campuslands,0,[]
327,966217823,TEC026,Compumax,Equipo de computo,Teclado,,Compumax Computer ,KBM130091751,Campuslands,0,[]
327,966217823,MOU026,Compumax,Equipo de computo,Mouse,,Compumax Computer ,Sin serial ,Campuslands,0,[]
327,966217823,CPU027,Compumax,Equipo de computo,Cpu,,Compumax Computer ,102SN55099,Campuslands,0,[]
327,966217823,MON027,Compumax,Equipo de computo,Monitor,,Compumax Computer ,COM2024CM21070683,Campuslands,0,[]
327,966217823,TEC027,Compumax,Equipo de computo,Teclado,,Compumax Computer ,KBM130090751,Campuslands,0,[]
327,966217823,MOU027,Compumax,Equipo de computo,Mouse,,Compumax Computer ,Sin serial ,Campuslands,0,[]
327,966217823,CPU028,Compumax,Equipo de computo,Cpu,,Compumax Computer ,400SN39184,Campuslands,0,[]
327,966217823,MON028,Compumax,Equipo de computo,Monitor,,Compumax Computer ,COM2024CM21070520,Campuslands,0,[]
327,966217823,TEC028,Compumax,Equipo de computo,Teclado,,Compumax Computer ,KBM130091717,Campuslands,0,[]
327,966217823,MOU028,Compumax,Equipo de computo,Mouse,,Compumax Computer ,Sin serial ,Campuslands,0,[]
327,966217823,CPU029,Compumax,Equipo de computo,Cpu,,Compumax Computer ,400SN39180,Campuslands,0,[]
327,966217823,MON029,Compumax,Equipo de computo,Monitor,,Compumax Computer ,COM2024CM21070374,Campuslands,0,[]
327,966217823,TEC029,Compumax,Equipo de computo,Teclado,,Compumax Computer ,KBM130090704,Campuslands,0,[]
327,966217823,MOU029,Compumax,Equipo de computo,Mouse,,Compumax Computer ,Sin serial ,Campuslands,0,[]
327,966217823,CPU030,Compumax,Equipo de computo,Cpu,,Compumax Computer ,400SN39199,Campuslands,0,[]
327,966217823,MON030,Compumax,Equipo de computo,Monitor,,Compumax Computer ,COM2024CM21070711,Campuslands,0,[]
327,966217823,TEC030,Compumax,Equipo de computo,Teclado,,Compumax Computer ,KBM130091715,Campuslands,0,[]
327,966217823,MOU030,Compumax,Equipo de computo,Mouse,,Compumax Computer ,Sin serial ,Campuslands,0,[]
327,966217823,CPU031,Compumax,Equipo de computo,Cpu,,Compumax Computer ,102SN55105,Campuslands,0,[]
327,966217823,MON031,Compumax,Equipo de computo,Monitor,,Compumax Computer ,COM2024CM21070043,Campuslands,0,[]
327,966217823,TEC031,Compumax,Equipo de computo,Teclado,,Compumax Computer ,UD18J2C00169,Campuslands,0,[]
327,966217823,MOU031,Compumax,Equipo de computo,Mouse,,Compumax Computer ,Sin serial ,Campuslands,0,[]
327,966217823,CPU032,Compumax,Equipo de computo,Cpu,,Compumax Computer ,102SN55097,Campuslands,0,[]
327,966217823,MON032,Compumax,Equipo de computo,Monitor,,Compumax Computer ,COM2024CM21070151,Campuslands,0,[]
327,966217823,TEC032,Compumax,Equipo de computo,Teclado,,Compumax Computer ,KBM130090716,Campuslands,0,[]
327,966217823,MOU032,Compumax,Equipo de computo,Mouse,,Compumax Computer ,Sin serial ,Campuslands,0,[]
327,966217823,CPU033,Compumax,Equipo de computo,Cpu,,Compumax Computer ,102SN55104,Campuslands,0,[]
327,966217823,MON033,Compumax,Equipo de computo,Monitor,,Compumax Computer ,COM2024CM21070127,Campuslands,0,[]
327,966217823,TEC033,Compumax,Equipo de computo,Teclado,,Compumax Computer ,KBM130090715,Campuslands,0,[]
327,966217823,MOU033,Compumax,Equipo de computo,Mouse,,Compumax Computer ,Sin serial ,Campuslands,0,[]
327,966217823,CPU034,Compumax,Equipo de computo,Cpu,,Compumax Computer ,102SN55084,Campuslands,0,[]
327,966217823,MON034,Compumax,Equipo de computo,Monitor,,Compumax Computer ,COM2024CM21070029,Campuslands,0,[]
327,966217823,TEC034,Compumax,Equipo de computo,Teclado,,Compumax Computer ,KBM130091714,Campuslands,0,[]
327,966217823,MOU034,Compumax,Equipo de computo,Mouse,,Compumax Computer ,Sin serial ,Campuslands,0,[]
327,966217823,CPU035,Compumax,Equipo de computo,Cpu,,Compumax Computer ,400SN39194,Campuslands,0,[]
327,966217823,MON035,Compumax,Equipo de computo,Monitor,,Compumax Computer ,COM2024CM21070135,Campuslands,0,[]
327,966217823,TEC035,Compumax,Equipo de computo,Teclado,,Compumax Computer ,KBM130090714,Campuslands,0,[]
327,966217823,MOU035,Compumax,Equipo de computo,Mouse,,Compumax Computer ,Sin serial ,Campuslands,0,[]
327,966217823,CPU036,Compumax,Equipo de computo,Cpu,,Compumax Computer ,Sin serial ,Campuslands,0,[]
327,966217823,MON036,Compumax,Equipo de computo,Monitor,,Compumax Computer ,400SN39175,Campuslands,0,[]
327,966217823,TEC036,Compumax,Equipo de computo,Teclado,,Compumax Computer ,COM2024CM21070257,Campuslands,0,[]
327,966217823,MOU036,Compumax,Equipo de computo,Mouse,,Compumax Computer ,KBM130091739,Campuslands,0,[]
327,966217823,CPU037,Compumax,Equipo de computo,Cpu,,Compumax Computer ,Sin serial ,Campuslands,0,[]
327,966217823,MON037,Compumax,Equipo de computo,Monitor,,Compumax Computer ,400SN39206,Campuslands,0,[]
327,966217823,TEC037,Compumax,Equipo de computo,Teclado,,Compumax Computer ,COM2024CM21070609,Campuslands,0,[]
327,966217823,MOU037,Compumax,Equipo de computo,Mouse,,Compumax Computer ,KBM130091743,Campuslands,0,[]
327,966217823,CPU038,Compumax,Equipo de computo,Cpu,,Compumax Computer ,Sin serial ,Campuslands,0,[]
327,966217823,MON038,Compumax,Equipo de computo,Monitor,,Compumax Computer ,400SN39212,Campuslands,0,[]
327,966217823,TEC038,Compumax,Equipo de computo,Teclado,,Compumax Computer ,COM2024CM21070778,Campuslands,0,[]
327,966217823,MOU038,Compumax,Equipo de computo,Mouse,,Compumax Computer ,KBM130090742,Campuslands,0,[]
327,966217823,CPU039,Compumax,Equipo de computo,Cpu,,Compumax Computer ,Sin serial ,Campuslands,0,[]
327,966217823,MON039,Compumax,Equipo de computo,Monitor,,Compumax Computer ,400SN39217,Campuslands,0,[]
327,966217823,TEC039,Compumax,Equipo de computo,Teclado,,Compumax Computer ,COM2024CM21070069,Campuslands,0,[]
327,966217823,MOU039,Compumax,Equipo de computo,Mouse,,Compumax Computer ,KBM130091742,Campuslands,0,[]
327,966217823,CPU040,Compumax,Equipo de computo,Cpu,,Compumax Computer ,Sin serial ,Campuslands,0,[]
327,966217823,MON040,Compumax,Equipo de computo,Monitor,,Compumax Computer ,400SN39203,Campuslands,0,[]
327,966217823,TEC040,Compumax,Equipo de computo,Teclado,,Compumax Computer ,COM2024CM21070349,Campuslands,0,[]
327,966217823,MOU040,Compumax,Equipo de computo,Mouse,,Compumax Computer ,KBM130090743,Campuslands,0,[]
327,966217823,CPU041,Compumax,Equipo de computo,Cpu,,Compumax Computer ,Sin serial ,Campuslands,0,[]
327,966217823,MON041,Compumax,Equipo de computo,Monitor,,Compumax Computer ,400SN39201,Campuslands,0,[]
327,966217823,TEC041,Compumax,Equipo de computo,Teclado,,Compumax Computer ,COM2024CM21070004,Campuslands,0,[]
327,966217823,MOU041,Compumax,Equipo de computo,Mouse,,Compumax Computer ,KBM130091710,Campuslands,0,[]
327,966217823,CPU042,Compumax,Equipo de computo,Cpu,,Compumax Computer ,Sin serial ,Campuslands,0,[]
327,966217823,MON042,Compumax,Equipo de computo,Monitor,,Compumax Computer ,400SN39207,Campuslands,0,[]
327,966217823,TEC042,Compumax,Equipo de computo,Teclado,,Compumax Computer ,COM2024CM21070727,Campuslands,0,[]
327,966217823,MOU042,Compumax,Equipo de computo,Mouse,,Compumax Computer ,KBM130090728,Campuslands,0,[]
327,966217823,CPU043,Compumax,Equipo de computo,Cpu,,Compumax Computer ,Sin serial ,Campuslands,0,[]
327,966217823,MON043,Compumax,Equipo de computo,Monitor,,Compumax Computer ,400SN39170,Campuslands,0,[]
327,966217823,TEC043,Compumax,Equipo de computo,Teclado,,Compumax Computer ,COM2024CM21070063,Campuslands,0,[]
327,966217823,MOU043,Compumax,Equipo de computo,Mouse,,Compumax Computer ,KBM130090729,Campuslands,0,[]
327,966217823,CPU044,Compumax,Equipo de computo,Cpu,,Compumax Computer ,Sin serial ,Campuslands,0,[]
327,966217823,MON044,Compumax,Equipo de computo,Monitor,,Compumax Computer ,400SN39193,Campuslands,0,[]
327,966217823,TEC044,Compumax,Equipo de computo,Teclado,,Compumax Computer ,COM2024CM21070203,Campuslands,0,[]
327,966217823,MOU044,Compumax,Equipo de computo,Mouse,,Compumax Computer ,KBM130091734,Campuslands,0,[]
327,966217823,CPU045,Compumax,Equipo de computo,Cpu,,Compumax Computer ,Sin serial ,Campuslands,0,[]
327,966217823,MON045,Compumax,Equipo de computo,Monitor,,Compumax Computer ,400SN39213,Campuslands,0,[]
327,966217823,TEC045,Compumax,Equipo de computo,Teclado,,Compumax Computer ,COM2024CM21070517,Campuslands,0,[]
327,966217823,MOU045,Compumax,Equipo de computo,Mouse,,Compumax Computer ,KBM130090735,Campuslands,0,[]
327,966217823,CPU046,Compumax,Equipo de computo,Cpu,,Compumax Computer ,Sin serial ,Campuslands,0,[]
327,966217823,MON046,Compumax,Equipo de computo,Monitor,,Compumax Computer ,400SN39197,Campuslands,0,[]
327,966217823,TEC046,Compumax,Equipo de computo,Teclado,,Compumax Computer ,COM2024CM21070007,Campuslands,0,[]
327,966217823,MOU046,Compumax,Equipo de computo,Mouse,,Compumax Computer ,KBM130090734,Campuslands,0,[]
327,966217823,CPU047,Compumax,Equipo de computo,Cpu,,Compumax Computer ,Sin serial ,Campuslands,0,[]
327,966217823,MON047,Compumax,Equipo de computo,Monitor,,Compumax Computer ,102SN55078,Campuslands,0,[]
327,966217823,TEC047,Compumax,Equipo de computo,Teclado,,Compumax Computer ,COM2024CM21070008,Campuslands,0,[]
327,966217823,MOU047,Compumax,Equipo de computo,Mouse,,Compumax Computer ,KBM130090750,Campuslands,0,[]
327,966217823,CPU048,Compumax,Equipo de computo,Cpu,,Compumax Computer ,Sin serial ,Campuslands,0,[]
327,966217823,MON048,Compumax,Equipo de computo,Monitor,,Compumax Computer ,102SN55085,Campuslands,0,[]
327,966217823,TEC048,Compumax,Equipo de computo,Teclado,,Compumax Computer ,COM2024CM21070117,Campuslands,0,[]
327,966217823,MOU048,Compumax,Equipo de computo,Mouse,,Compumax Computer ,KBM130091713,Campuslands,0,[]
327,966217823,CPU049,Compumax,Equipo de computo,Cpu,,Compumax Computer ,Sin serial ,Campuslands,0,[]
327,966217823,MON049,Compumax,Equipo de computo,Monitor,,Compumax Computer ,400SN39233,Campuslands,0,[]
327,966217823,TEC049,Compumax,Equipo de computo,Teclado,,Compumax Computer ,COM2024CM21070277,Campuslands,0,[]
327,966217823,MOU049,Compumax,Equipo de computo,Mouse,,Compumax Computer ,KBM130090713,Campuslands,0,[]
327,966217823,CPU050,Compumax,Equipo de computo,Cpu,,Compumax Computer ,Sin serial ,Campuslands,0,[]
327,966217823,MON050,Compumax,Equipo de computo,Monitor,,Compumax Computer ,102SN55082,Campuslands,0,[]
327,966217823,TEC050,Compumax,Equipo de computo,Teclado,,Compumax Computer ,COM2024CM21070406,Campuslands,0,[]
327,966217823,MOU050,Compumax,Equipo de computo,Mouse,,Compumax Computer ,KBM130091712,Campuslands,0,[]
327,966217823,CPU051,Compumax,Equipo de computo,Cpu,,Compumax Computer ,Sin serial ,Campuslands,0,[]
327,966217823,MON051,Compumax,Equipo de computo,Monitor,,Compumax Computer ,102SN55101,Campuslands,0,[]
327,966217823,TEC051,Compumax,Equipo de computo,Teclado,,Compumax Computer ,COM2024CM21070557,Campuslands,0,[]
327,966217823,MOU051,Compumax,Equipo de computo,Mouse,,Compumax Computer ,KBM130091711,Campuslands,0,[]
327,966217823,CPU052,Compumax,Equipo de computo,Cpu,,Compumax Computer ,Sin serial ,Campuslands,0,[]
327,966217823,MON052,Compumax,Equipo de computo,Monitor,,Compumax Computer ,400SN39192,Campuslands,0,[]
327,966217823,TEC052,Compumax,Equipo de computo,Teclado,,Compumax Computer ,COM2024CM21070853,Campuslands,0,[]
327,966217823,MOU052,Compumax,Equipo de computo,Mouse,,Compumax Computer ,KBM130090712,Campuslands,0,[]
327,966217823,CPU053,Compumax,Equipo de computo,Cpu,,Compumax Computer ,Sin serial ,Campuslands,0,[]
327,966217823,MON053,Compumax,Equipo de computo,Monitor,,Compumax Computer ,400SN39181,Campuslands,0,[]
327,966217823,TEC053,Compumax,Equipo de computo,Teclado,,Compumax Computer ,COM2024CM21070893,Campuslands,0,[]
327,966217823,MOU053,Compumax,Equipo de computo,Mouse,,Compumax Computer ,KBM130090711,Campuslands,0,[]
327,966217823,CPU054,Compumax,Equipo de computo,Cpu,,Compumax Computer ,Sin serial ,Campuslands,0,[]
327,966217823,MON054,Compumax,Equipo de computo,Monitor,,Compumax Computer ,400SN39195,Campuslands,0,[]
327,966217823,TEC054,Compumax,Equipo de computo,Teclado,,Compumax Computer ,COM2024CM21070898,Campuslands,0,[]
327,966217823,MOU054,Compumax,Equipo de computo,Mouse,,Compumax Computer ,KBM130091741,Campuslands,0,[]
327,966217823,CPU055,Compumax,Equipo de computo,Cpu,,Compumax Computer ,Sin serial ,Campuslands,0,[]
327,966217823,MON055,Compumax,Equipo de computo,Monitor,,Compumax Computer ,400SN39232,Campuslands,0,[]
327,966217823,TEC055,Compumax,Equipo de computo,Teclado,,Compumax Computer ,COM2024CM21070400,Campuslands,0,[]
327,966217823,MOU055,Compumax,Equipo de computo,Mouse,,Compumax Computer ,KBM130091740,Campuslands,0,[]
327,966217823,CPU056,Compumax,Equipo de computo,Cpu,,Compumax Computer ,Sin serial ,Campuslands,0,[]
327,966217823,MON056,Compumax,Equipo de computo,Monitor,,Compumax Computer ,400SN39231,Campuslands,0,[]
327,966217823,TEC056,Compumax,Equipo de computo,Teclado,,Compumax Computer ,COM2024CM21070761,Campuslands,0,[]
327,966217823,MOU056,Compumax,Equipo de computo,Mouse,,Compumax Computer ,KBM130090739,Campuslands,0,[]
327,966217823,CPU057,Compumax,Equipo de computo,Cpu,,Compumax Computer ,Sin serial ,Campuslands,0,[]
327,966217823,MON057,Compumax,Equipo de computo,Monitor,,Compumax Computer ,400SN39171,Campuslands,0,[]
327,966217823,TEC057,Compumax,Equipo de computo,Teclado,,Compumax Computer ,COM2024CM21070534,Campuslands,0,[]
327,966217823,MOU057,Compumax,Equipo de computo,Mouse,,Compumax Computer ,KBM130090741,Campuslands,0,[]
327,966217823,CPU058,Compumax,Equipo de computo,Cpu,,Compumax Computer ,Sin serial ,Campuslands,0,[]
327,966217823,MON058,Compumax,Equipo de computo,Monitor,,Compumax Computer ,400SN39220,Campuslands,0,[]
327,966217823,TEC058,Compumax,Equipo de computo,Teclado,,Compumax Computer ,COM2024CM21070017,Campuslands,0,[]
327,966217823,MOU058,Compumax,Equipo de computo,Mouse,,Compumax Computer ,KBM130091750,Campuslands,0,[]
327,966217823,CPU059,Compumax,Equipo de computo,Cpu,,Compumax Computer ,Sin serial ,Campuslands,0,[]
327,966217823,MON059,Compumax,Equipo de computo,Monitor,,Compumax Computer ,102SN55100,Campuslands,0,[]
327,966217823,TEC059,Compumax,Equipo de computo,Teclado,,Compumax Computer ,COM2024CM21070281,Campuslands,0,[]
327,966217823,MOU059,Compumax,Equipo de computo,Mouse,,Compumax Computer ,KBM130091749,Campuslands,0,[]
327,966217823,CPU060,Compumax,Equipo de computo,Cpu,,Compumax Computer ,Sin serial ,Campuslands,0,[]
327,966217823,MON060,Compumax,Equipo de computo,Monitor,,Compumax Computer ,400SN39236,Campuslands,0,[]
327,966217823,TEC060,Compumax,Equipo de computo,Teclado,,Compumax Computer ,COM2024CM21070205,Campuslands,0,[]
327,966217823,MOU060,Compumax,Equipo de computo,Mouse,,Compumax Computer ,KBM130090740,Campuslands,0,[]
327,966217823,CPU061,Compumax,Equipo de computo,Cpu,,Compumax Computer ,Sin serial ,Campuslands,0,[]
327,966217823,MON061,Compumax,Equipo de computo,Monitor,,Compumax Computer ,400SN39216,Campuslands,0,[]
327,966217823,TEC061,Compumax,Equipo de computo,Teclado,,Compumax Computer ,COM2024CM21070041,Campuslands,0,[]
327,966217823,MOU061,Compumax,Equipo de computo,Mouse,,Compumax Computer ,KBM130091728,Campuslands,0,[]
327,966217823,CPU062,Compumax,Equipo de computo,Cpu,,Compumax Computer ,Sin serial ,Campuslands,0,[]
327,966217823,MON062,Compumax,Equipo de computo,Monitor,,Compumax Computer ,400SN39176,Campuslands,0,[]
327,966217823,TEC062,Compumax,Equipo de computo,Teclado,,Compumax Computer ,COM2024CM21070712,Campuslands,0,[]
327,966217823,MOU062,Compumax,Equipo de computo,Mouse,,Compumax Computer ,KBM130090727,Campuslands,0,[]
327,966217823,CPU063,Compumax,Equipo de computo,Cpu,,Compumax Computer ,Sin serial ,Campuslands,0,[]
327,966217823,MON063,Compumax,Equipo de computo,Monitor,,Compumax Computer ,102SN55077,Campuslands,0,[]
327,966217823,TEC063,Compumax,Equipo de computo,Teclado,,Compumax Computer ,COM2024CM21070129,Campuslands,0,[]
327,966217823,MOU063,Compumax,Equipo de computo,Mouse,,Compumax Computer ,KBM130091727,Campuslands,0,[]
327,966217823,CPU064,Compumax,Equipo de computo,Cpu,,Compumax Computer ,Sin serial ,Campuslands,0,[]
327,966217823,MON064,Compumax,Equipo de computo,Monitor,,Compumax Computer ,400SN39211,Campuslands,0,[]
327,966217823,TEC064,Compumax,Equipo de computo,Teclado,,Compumax Computer ,COM2024CM21070140,Campuslands,0,[]
327,966217823,MOU064,Compumax,Equipo de computo,Mouse,,Compumax Computer ,KBM130091726,Campuslands,0,[]
327,966217823,CPU065,Compumax,Equipo de computo,Cpu,,Compumax Computer ,Sin serial ,Campuslands,0,[]
327,966217823,MON065,Compumax,Equipo de computo,Monitor,,Compumax Computer ,400SN39219,Campuslands,0,[]
327,966217823,TEC065,Compumax,Equipo de computo,Teclado,,Compumax Computer ,COM2024CM21070316,Campuslands,0,[]
327,966217823,MOU065,Compumax,Equipo de computo,Mouse,,Compumax Computer ,KBM130090725,Campuslands,0,[]
327,966217823,CPU066,Compumax,Equipo de computo,Cpu,,Compumax Computer ,Sin serial ,Campuslands,0,[]
327,966217823,MON066,Compumax,Equipo de computo,Monitor,,Compumax Computer ,102SN55093,Campuslands,0,[]
327,966217823,TEC066,Compumax,Equipo de computo,Teclado,,Compumax Computer ,COM2024CM21070153,Campuslands,0,[]
327,966217823,MOU066,Compumax,Equipo de computo,Mouse,,Compumax Computer ,KBM130090726,Campuslands,0,[]
327,966217823,CPU067,Compumax,Equipo de computo,Cpu,,Compumax Computer ,Sin serial ,Campuslands,0,[]
327,966217823,MON067,Compumax,Equipo de computo,Monitor,,Compumax Computer ,400SN39210,Campuslands,0,[]
327,966217823,TEC067,Compumax,Equipo de computo,Teclado,,Compumax Computer ,COM2024CM21070744,Campuslands,0,[]
327,966217823,MOU067,Compumax,Equipo de computo,Mouse,,Compumax Computer ,KBM130091752,Campuslands,0,[]
327,966217823,CPU068,Compumax,Equipo de computo,Cpu,,Compumax Computer ,Sin serial ,Campuslands,0,[]
327,966217823,MON068,Compumax,Equipo de computo,Monitor,,Compumax Computer ,400SN39168,Campuslands,0,[]
327,966217823,TEC068,Compumax,Equipo de computo,Teclado,,Compumax Computer ,COM2024CM21070830,Campuslands,0,[]
327,966217823,MOU068,Compumax,Equipo de computo,Mouse,,Compumax Computer ,KBM130090753,Campuslands,0,[]
327,966217823,CPU069,Compumax,Equipo de computo,Cpu,,Compumax Computer ,Sin serial ,Campuslands,0,[]
327,966217823,MON069,Compumax,Equipo de computo,Monitor,,Compumax Computer ,400SN39191,Campuslands,0,[]
327,966217823,TEC069,Compumax,Equipo de computo,Teclado,,Compumax Computer ,COM2024CM21070407,Campuslands,0,[]
327,966217823,MOU069,Compumax,Equipo de computo,Mouse,,Compumax Computer ,KBM130091753,Campuslands,0,[]
327,966217823,CPU070,Compumax,Equipo de computo,Cpu,,Compumax Computer ,Sin serial ,Campuslands,0,[]
327,966217823,MON070,Compumax,Equipo de computo,Monitor,,Compumax Computer ,102SN55080,Campuslands,0,[]
327,966217823,TEC070,Compumax,Equipo de computo,Teclado,,Compumax Computer ,COM2024CM21070498,Campuslands,0,[]
327,966217823,MOU070,Compumax,Equipo de computo,Mouse,,Compumax Computer ,KBM130090722,Campuslands,0,[]
327,966217823,CPU071,Compumax,Equipo de computo,Cpu,,Compumax Computer ,Sin serial ,Campuslands,0,[]
327,966217823,MON071,Compumax,Equipo de computo,Monitor,,Compumax Computer ,400SN39221,Campuslands,0,[]
327,966217823,TEC071,Compumax,Equipo de computo,Teclado,,Compumax Computer ,COM2024CM21070464,Campuslands,0,[]
327,966217823,MOU071,Compumax,Equipo de computo,Mouse,,Compumax Computer ,KBM130090723,Campuslands,0,[]
327,966217823,CPU072,Compumax,Equipo de computo,Cpu,,Compumax Computer ,Sin serial ,Campuslands,0,[]
327,966217823,MON072,Compumax,Equipo de computo,Monitor,,Compumax Computer ,400SN39230,Campuslands,0,[]
327,966217823,TEC072,Compumax,Equipo de computo,Teclado,,Compumax Computer ,COM2024CM21070504,Campuslands,0,[]
327,966217823,MOU072,Compumax,Equipo de computo,Mouse,,Compumax Computer ,KBM130091725,Campuslands,0,[]
327,966217823,CPU073,Compumax,Equipo de computo,Cpu,,Compumax Computer ,Sin serial ,Campuslands,0,[]
327,966217823,MON073,Compumax,Equipo de computo,Monitor,,Compumax Computer ,102SN55089,Campuslands,0,[]
327,966217823,TEC073,Compumax,Equipo de computo,Teclado,,Compumax Computer ,COM2024CM21070338,Campuslands,0,[]
327,966217823,MOU073,Compumax,Equipo de computo,Mouse,,Compumax Computer ,KBM130091737,Campuslands,0,[]
327,966217823,CPU074,Compumax,Equipo de computo,Cpu,,Compumax Computer ,Sin serial ,Campuslands,0,[]
327,966217823,MON074,Compumax,Equipo de computo,Monitor,,Compumax Computer ,400SN39202,Campuslands,0,[]
327,966217823,TEC074,Compumax,Equipo de computo,Teclado,,Compumax Computer ,COM2024CM21070759,Campuslands,0,[]
327,966217823,MOU074,Compumax,Equipo de computo,Mouse,,Compumax Computer ,KBM130091702,Campuslands,0,[]
327,966217823,CPU075,Compumax,Equipo de computo,Cpu,,Compumax Computer ,Sin serial ,Campuslands,0,[]
327,966217823,MON075,Compumax,Equipo de computo,Monitor,,Compumax Computer ,102SN55088,Campuslands,0,[]
327,966217823,TEC075,Compumax,Equipo de computo,Teclado,,Compumax Computer ,COM2024CM21070817,Campuslands,0,[]
327,966217823,MOU075,Compumax,Equipo de computo,Mouse,,Compumax Computer ,KBM130090737,Campuslands,0,[]
327,966217823,CPU076,Compumax,Equipo de computo,Cpu,,Compumax Computer ,Sin serial ,Campuslands,0,[]
327,966217823,MON076,Compumax,Equipo de computo,Monitor,,Compumax Computer ,400SN39226,Campuslands,0,[]
327,966217823,TEC076,Compumax,Equipo de computo,Teclado,,Compumax Computer ,COM2024CM21070280,Campuslands,0,[]
327,966217823,MOU076,Compumax,Equipo de computo,Mouse,,Compumax Computer ,KBM130090706,Campuslands,0,[]
327,966217823,CPU077,Compumax,Equipo de computo,Cpu,,Compumax Computer ,Sin serial ,Campuslands,0,[]
327,966217823,MON077,Compumax,Equipo de computo,Monitor,,Compumax Computer ,400SN39235,Campuslands,0,[]
327,966217823,TEC077,Compumax,Equipo de computo,Teclado,,Compumax Computer ,COM2024CM21070668,Campuslands,0,[]
327,966217823,MOU077,Compumax,Equipo de computo,Mouse,,Compumax Computer ,KBM130090707,Campuslands,0,[]
327,966217823,CPU078,Compumax,Equipo de computo,Cpu,,Compumax Computer ,Sin serial ,Campuslands,0,[]
327,966217823,MON078,Compumax,Equipo de computo,Monitor,,Compumax Computer ,400SN39188,Campuslands,0,[]
327,966217823,TEC078,Compumax,Equipo de computo,Teclado,,Compumax Computer ,COM2024CM21070138,Campuslands,0,[]
327,966217823,MOU078,Compumax,Equipo de computo,Mouse,,Compumax Computer ,KBM130091729,Campuslands,0,[]
327,966217823,CPU079,Compumax,Equipo de computo,Cpu,,Compumax Computer ,Sin serial ,Campuslands,0,[]
327,966217823,MON079,Compumax,Equipo de computo,Monitor,,Compumax Computer ,400SN39209,Campuslands,0,[]
327,966217823,TEC079,Compumax,Equipo de computo,Teclado,,Compumax Computer ,COM2024CM21070451,Campuslands,0,[]
327,966217823,MOU079,Compumax,Equipo de computo,Mouse,,Compumax Computer ,KBM130090730,Campuslands,0,[]
327,966217823,CPU080,Compumax,Equipo de computo,Cpu,,Compumax Computer ,Sin serial ,Campuslands,0,[]
327,966217823,MON080,Compumax,Equipo de computo,Monitor,,Compumax Computer ,102SN55110,Campuslands,0,[]
327,966217823,TEC080,Compumax,Equipo de computo,Teclado,,Compumax Computer ,COM2024CM21070012,Campuslands,0,[]
327,966217823,MOU080,Compumax,Equipo de computo,Mouse,,Compumax Computer ,KBM130091730,Campuslands,0,[]
327,966217823,CPU081,Compumax,Equipo de computo,Cpu,,Compumax Computer ,Sin serial ,Campuslands,0,[]
327,966217823,MON081,Compumax,Equipo de computo,Monitor,,Compumax Computer ,102SN55109,Campuslands,0,[]
327,966217823,TEC081,Compumax,Equipo de computo,Teclado,,Compumax Computer ,COM2024CM21070786,Campuslands,0,[]
327,966217823,MOU081,Compumax,Equipo de computo,Mouse,,Compumax Computer ,KBM130090296,Campuslands,0,[]
327,966217823,CPU082,Compumax,Equipo de computo,Cpu,,Compumax Computer ,Sin serial ,Campuslands,0,[]
327,966217823,MON082,Compumax,Equipo de computo,Monitor,,Compumax Computer ,102SN55103,Campuslands,0,[]
327,966217823,TEC082,Compumax,Equipo de computo,Teclado,,Compumax Computer ,COM2024CM21070515,Campuslands,0,[]
327,966217823,MOU082,Compumax,Equipo de computo,Mouse,,Compumax Computer ,KBM130090724,Campuslands,0,[]
327,966217823,CPU083,Compumax,Equipo de computo,Cpu,,Compumax Computer ,Sin serial ,Campuslands,0,[]
327,966217823,MON083,Compumax,Equipo de computo,Monitor,,Compumax Computer ,400SN39222,Campuslands,0,[]
327,966217823,TEC083,Compumax,Equipo de computo,Teclado,,Compumax Computer ,COM2024CM21070386,Campuslands,0,[]
327,966217823,MOU083,Compumax,Equipo de computo,Mouse,,Compumax Computer ,KBM130091724,Campuslands,0,[]
327,966217823,CPU084,Compumax,Equipo de computo,Cpu,,Compumax Computer ,Sin serial ,Campuslands,0,[]
327,966217823,MON084,Compumax,Equipo de computo,Monitor,,Compumax Computer ,102SN55090,Campuslands,0,[]
327,966217823,TEC084,Compumax,Equipo de computo,Teclado,,Compumax Computer ,COM2024CM21070777,Campuslands,0,[]
327,966217823,MOU084,Compumax,Equipo de computo,Mouse,,Compumax Computer ,KBM130091723,Campuslands,0,[]
327,966217823,CPU085,Compumax,Equipo de computo,Cpu,,Compumax Computer ,Sin serial ,Campuslands,0,[]
327,966217823,MON085,Compumax,Equipo de computo,Monitor,,Compumax Computer ,102SN55076,Campuslands,0,[]
327,966217823,TEC085,Compumax,Equipo de computo,Teclado,,Compumax Computer ,COM2024CM21070025,Campuslands,0,[]
327,966217823,MOU085,Compumax,Equipo de computo,Mouse,,Compumax Computer ,KBM130091720,Campuslands,0,[]
327,966217823,CPU086,Compumax,Equipo de computo,Cpu,,Compumax Computer ,Sin serial ,Campuslands,0,[]
327,966217823,MON086,Compumax,Equipo de computo,Monitor,,Compumax Computer ,400SN39225,Campuslands,0,[]
327,966217823,TEC086,Compumax,Equipo de computo,Teclado,,Compumax Computer ,COM2024CM21070137,Campuslands,0,[]
327,966217823,MOU086,Compumax,Equipo de computo,Mouse,,Compumax Computer ,KBM130090747,Campuslands,0,[]
327,966217823,CPU087,Compumax,Equipo de computo,Cpu,,Compumax Computer ,Sin serial ,Campuslands,0,[]
327,966217823,MON087,Compumax,Equipo de computo,Monitor,,Compumax Computer ,102SN55094,Campuslands,0,[]
327,966217823,TEC087,Compumax,Equipo de computo,Teclado,,Compumax Computer ,COM2024CM21070565,Campuslands,0,[]
327,966217823,MOU087,Compumax,Equipo de computo,Mouse,,Compumax Computer ,KBM130091736,Campuslands,0,[]
327,966217823,CPU088,Compumax,Equipo de computo,Cpu,,Compumax Computer ,Sin serial ,Campuslands,0,[]
327,966217823,MON088,Compumax,Equipo de computo,Monitor,,Compumax Computer ,400SN39228,Campuslands,0,[]
327,966217823,TEC088,Compumax,Equipo de computo,Teclado,,Compumax Computer ,COM2024CM21070574,Campuslands,0,[]
327,966217823,MOU088,Compumax,Equipo de computo,Mouse,,Compumax Computer ,KBM130090721,Campuslands,0,[]
327,966217823,CPU089,Compumax,Equipo de computo,Cpu,,Compumax Computer ,Sin serial ,Campuslands,0,[]
327,966217823,MON089,Compumax,Equipo de computo,Monitor,,Compumax Computer ,400SN39205,Campuslands,0,[]
327,966217823,TEC089,Compumax,Equipo de computo,Teclado,,Compumax Computer ,COM2024CM21070092,Campuslands,0,[]
327,966217823,MOU089,Compumax,Equipo de computo,Mouse,,Compumax Computer ,KBM130090720,Campuslands,0,[]
327,966217823,CPU090,Compumax,Equipo de computo,Cpu,,Compumax Computer ,Sin serial ,Campuslands,0,[]
327,966217823,MON090,Compumax,Equipo de computo,Monitor,,Compumax Computer ,102SN55087,Campuslands,0,[]
327,966217823,TEC090,Compumax,Equipo de computo,Teclado,,Compumax Computer ,COM2024CM21070318,Campuslands,0,[]
327,966217823,MOU090,Compumax,Equipo de computo,Mouse,,Compumax Computer ,KBM130091722,Campuslands,0,[]
327,966217823,CPU091,Compumax,Equipo de computo,Cpu,,Compumax Computer ,Sin serial ,Campuslands,0,[]
327,966217823,MON091,Compumax,Equipo de computo,Monitor,,Compumax Computer ,400SN39177,Campuslands,0,[]
327,966217823,TEC091,Compumax,Equipo de computo,Teclado,,Compumax Computer ,COM2024CM21070834,Campuslands,0,[]
327,966217823,MOU091,Compumax,Equipo de computo,Mouse,,Compumax Computer ,KBM130091721,Campuslands,0,[]
327,966217823,CPU092,Compumax,Equipo de computo,Cpu,,Compumax Computer ,Sin serial ,Campuslands,0,[]
327,966217823,MON092,Compumax,Equipo de computo,Monitor,,Compumax Computer ,102SN55102,Campuslands,0,[]
327,966217823,TEC092,Compumax,Equipo de computo,Teclado,,Compumax Computer ,COM2024CM21070199,Campuslands,0,[]
327,966217823,MOU092,Compumax,Equipo de computo,Mouse,,Compumax Computer ,KBM130090736,Campuslands,0,[]
327,966217823,CPU093,Compumax,Equipo de computo,Cpu,,Compumax Computer ,Sin serial ,Campuslands,0,[]
327,966217823,MON093,Compumax,Equipo de computo,Monitor,,Compumax Computer ,400SN39234,Campuslands,0,[]
327,966217823,TEC093,Compumax,Equipo de computo,Teclado,,Compumax Computer ,COM2024CM21070503,Campuslands,0,[]
327,966217823,MOU093,Compumax,Equipo de computo,Mouse,,Compumax Computer ,KBM130091738,Campuslands,0,[]
327,966217823,CPU094,Compumax,Equipo de computo,Cpu,,Compumax Computer ,Sin serial ,Campuslands,0,[]
327,966217823,MON094,Compumax,Equipo de computo,Monitor,,Compumax Computer ,400SN39174,Campuslands,0,[]
327,966217823,TEC094,Compumax,Equipo de computo,Teclado,,Compumax Computer ,COM2024CM21070236,Campuslands,0,[]
327,966217823,MOU094,Compumax,Equipo de computo,Mouse,,Compumax Computer ,KBM130090702,Campuslands,0,[]
327,966217823,CPU095,Compumax,Equipo de computo,Cpu,,Compumax Computer ,Sin serial ,Campuslands,0,[]
327,966217823,MON095,Compumax,Equipo de computo,Monitor,,Compumax Computer ,102SN55095,Campuslands,0,[]
327,966217823,TEC095,Compumax,Equipo de computo,Teclado,,Compumax Computer ,COM2024CM21070097,Campuslands,0,[]
327,966217823,MOU095,Compumax,Equipo de computo,Mouse,,Compumax Computer ,KBM130091745,Campuslands,0,[]
327,966217823,CPU096,Compumax,Equipo de computo,Cpu,,Compumax Computer ,Sin serial ,Campuslands,0,[]
327,966217823,MON096,Compumax,Equipo de computo,Monitor,,Compumax Computer ,102SN55086,Campuslands,0,[]
327,966217823,TEC096,Compumax,Equipo de computo,Teclado,,Compumax Computer ,COM2024CM21070239,Campuslands,0,[]
327,966217823,MOU096,Compumax,Equipo de computo,Mouse,,Compumax Computer ,KBM130090746,Campuslands,0,[]
327,966217823,CPU097,Compumax,Equipo de computo,Cpu,,Compumax Computer ,Sin serial ,Campuslands,0,[]
327,966217823,MON097,Compumax,Equipo de computo,Monitor,,Compumax Computer ,400SN39172,Campuslands,0,[]
327,966217823,TEC097,Compumax,Equipo de computo,Teclado,,Compumax Computer ,COM2024CM21070442,Campuslands,0,[]
327,966217823,MOU097,Compumax,Equipo de computo,Mouse,,Compumax Computer ,KBM130091746,Campuslands,0,[]
327,966217823,CPU098,Compumax,Equipo de computo,Cpu,,Compumax Computer ,Sin serial ,Campuslands,0,[]
327,966217823,MON098,Compumax,Equipo de computo,Monitor,,Compumax Computer ,102SN55083,Campuslands,0,[]
327,966217823,TEC098,Compumax,Equipo de computo,Teclado,,Compumax Computer ,COM2024CM21070223,Campuslands,0,[]
327,966217823,MOU098,Compumax,Equipo de computo,Mouse,,Compumax Computer ,KBM130091747,Campuslands,0,[]
327,966217823,CPU099,Compumax,Equipo de computo,Cpu,,Compumax Computer ,Sin serial ,Campuslands,0,[]
327,966217823,MON099,Compumax,Equipo de computo,Monitor,,Compumax Computer ,400SN39215,Campuslands,0,[]
327,966217823,TEC099,Compumax,Equipo de computo,Teclado,,Compumax Computer ,COM2024CM21070482,Campuslands,0,[]
327,966217823,MOU099,Compumax,Equipo de computo,Mouse,,Compumax Computer ,KBM130091744,Campuslands,0,[]
327,966217823,CPU100,Compumax,Equipo de computo,Cpu,,Compumax Computer ,Sin serial ,Campuslands,0,[]
327,966217823,MON100,Compumax,Equipo de computo,Monitor,,Compumax Computer ,400SN39227,Campuslands,0,[]
327,966217823,TEC100,Compumax,Equipo de computo,Teclado,,Compumax Computer ,COM2024CM21070844,Campuslands,0,[]
327,966217823,MOU100,Compumax,Equipo de computo,Mouse,,Compumax Computer ,KBM130090744,Campuslands,0,[]
327,966217823,CPU101,Compumax,Equipo de computo,Cpu,,Compumax Computer ,Sin serial ,Campuslands,0,[]
327,966217823,MON101,Compumax,Equipo de computo,Monitor,,Compumax Computer ,400SN39169,Campuslands,0,[]
327,966217823,TEC101,Compumax,Equipo de computo,Teclado,,Compumax Computer ,COM2024CM21070418,Campuslands,0,[]
327,966217823,MOU101,Compumax,Equipo de computo,Mouse,,Compumax Computer ,KBM130090752,Campuslands,0,[]
327,966217823,CPU102,Compumax,Equipo de computo,Cpu,,Compumax Computer ,Sin serial ,Campuslands,0,[]
327,966217823,MON102,Compumax,Equipo de computo,Monitor,,Compumax Computer ,500SN32576,Campuslands,0,[]
327,966217823,TEC102,Compumax,Equipo de computo,Teclado,,Compumax Computer ,COM2024CM21070597,Campuslands,0,[]
327,966217823,MOU102,Compumax,Equipo de computo,Mouse,,Compumax Computer ,CK440U-10923,Campuslands,0,[]
327,966217823,CPU103,Compumax,Equipo de computo,Cpu,,Compumax Computer ,Sin serial ,Campuslands,0,[]
327,966217823,MON103,Compumax,Equipo de computo,Monitor,,Compumax Computer ,500SN32598,Campuslands,0,[]
327,966217823,TEC103,Compumax,Equipo de computo,Teclado,,Compumax Computer ,COM2024CM21070864,Campuslands,0,[]
327,966217823,MOU103,Compumax,Equipo de computo,Mouse,,Compumax Computer ,CK440U-10924,Campuslands,0,[]
327,966217823,CPU104,Compumax,Equipo de computo,Cpu,,Compumax Computer ,Sin serial ,Campuslands,0,[]
327,966217823,MON104,Compumax,Equipo de computo,Monitor,,Compumax Computer ,500SN32557,Campuslands,0,[]
327,966217823,TEC104,Compumax,Equipo de computo,Teclado,,Compumax Computer ,COM2024CM21070602,Campuslands,0,[]
327,966217823,MOU104,Compumax,Equipo de computo,Mouse,,Compumax Computer ,CK440U-10925,Campuslands,0,[]
327,966217823,CPU105,Compumax,Equipo de computo,Cpu,,Compumax Computer ,Sin serial ,Campuslands,0,[]
327,966217823,MON105,Compumax,Equipo de computo,Monitor,,Compumax Computer ,500SN32564,Campuslands,0,[]
327,966217823,TEC105,Compumax,Equipo de computo,Teclado,,Compumax Computer ,COM2024CM21070823,Campuslands,0,[]
327,966217823,MOU105,Compumax,Equipo de computo,Mouse,,Compumax Computer ,CK440U-10926,Campuslands,0,[]
327,966217823,CPU106,Compumax,Equipo de computo,Cpu,,Compumax Computer ,Sin serial ,Campuslands,0,[]
327,966217823,MON106,Compumax,Equipo de computo,Monitor,,Compumax Computer ,500SN32556,Campuslands,0,[]
327,966217823,TEC106,Compumax,Equipo de computo,Teclado,,Compumax Computer ,COM2024CM21070855,Campuslands,0,[]
327,966217823,MOU106,Compumax,Equipo de computo,Mouse,,Compumax Computer ,CK440U-10927,Campuslands,0,[]
327,966217823,CPU107,Compumax,Equipo de computo,Cpu,,Compumax Computer ,Sin serial ,Campuslands,0,[]
327,966217823,MON107,Compumax,Equipo de computo,Monitor,,Compumax Computer ,500SN32571,Campuslands,0,[]
327,966217823,TEC107,Compumax,Equipo de computo,Teclado,,Compumax Computer ,COM2024CM21070180,Campuslands,0,[]
327,966217823,MOU107,Compumax,Equipo de computo,Mouse,,Compumax Computer ,CK440U-10936,Campuslands,0,[]
327,966217823,CPU108,Compumax,Equipo de computo,Cpu,,Compumax Computer ,Sin serial ,Campuslands,0,[]
327,966217823,MON108,Compumax,Equipo de computo,Monitor,,Compumax Computer ,500SN32591,Campuslands,0,[]
327,966217823,TEC108,Compumax,Equipo de computo,Teclado,,Compumax Computer ,COM2024CM21070122,Campuslands,0,[]
327,966217823,MOU108,Compumax,Equipo de computo,Mouse,,Compumax Computer ,CK440U-10937,Campuslands,0,[]
327,966217823,CPU109,Compumax,Equipo de computo,Cpu,,Compumax Computer ,Sin serial ,Campuslands,0,[]
327,966217823,MON109,Compumax,Equipo de computo,Monitor,,Compumax Computer ,500SN32584,Campuslands,0,[]
327,966217823,TEC109,Compumax,Equipo de computo,Teclado,,Compumax Computer ,COM2024CM21070784,Campuslands,0,[]
327,966217823,MOU109,Compumax,Equipo de computo,Mouse,,Compumax Computer ,CK440U-10935,Campuslands,0,[]
327,966217823,CPU110,Compumax,Equipo de computo,Cpu,,Compumax Computer ,Sin serial ,Campuslands,0,[]
327,966217823,MON110,Compumax,Equipo de computo,Monitor,,Compumax Computer ,500SN32627,Campuslands,0,[]
327,966217823,TEC110,Compumax,Equipo de computo,Teclado,,Compumax Computer ,COM2024CM21070095,Campuslands,0,[]
327,966217823,MOU110,Compumax,Equipo de computo,Mouse,,Compumax Computer ,CK440U-10974,Campuslands,0,[]
327,966217823,CPU111,Compumax,Equipo de computo,Cpu,,Compumax Computer ,Sin serial ,Campuslands,0,[]
327,966217823,MON111,Compumax,Equipo de computo,Monitor,,Compumax Computer ,500SN32621,Campuslands,0,[]
327,966217823,TEC111,Compumax,Equipo de computo,Teclado,,Compumax Computer ,COM2024CM21070221,Campuslands,0,[]
327,966217823,MOU111,Compumax,Equipo de computo,Mouse,,Compumax Computer ,CK440U-10932,Campuslands,0,[]
327,966217823,CPU112,Compumax,Equipo de computo,Cpu,,Compumax Computer ,Sin serial ,Campuslands,0,[]
327,966217823,MON112,Compumax,Equipo de computo,Monitor,,Compumax Computer ,500SN32588,Campuslands,0,[]
327,966217823,TEC112,Compumax,Equipo de computo,Teclado,,Compumax Computer ,COM2024CM21070836,Campuslands,0,[]
327,966217823,MOU112,Compumax,Equipo de computo,Mouse,,Compumax Computer ,CK440U-10934,Campuslands,0,[]
327,966217823,CPU113,Compumax,Equipo de computo,Cpu,,Compumax Computer ,Sin serial ,Campuslands,0,[]
327,966217823,MON113,Compumax,Equipo de computo,Monitor,,Compumax Computer ,500SN32626,Campuslands,0,[]
327,966217823,TEC113,Compumax,Equipo de computo,Teclado,,Compumax Computer ,COM2024CM21070776,Campuslands,0,[]
327,966217823,MOU113,Compumax,Equipo de computo,Mouse,,Compumax Computer ,CK440U-10933,Campuslands,0,[]
327,966217823,CPU114,Compumax,Equipo de computo,Cpu,,Compumax Computer ,Sin serial ,Campuslands,0,[]
327,966217823,MON114,Compumax,Equipo de computo,Monitor,,Compumax Computer ,500SN32596,Campuslands,0,[]
327,966217823,TEC114,Compumax,Equipo de computo,Teclado,,Compumax Computer ,COM2024CM21070605,Campuslands,0,[]
327,966217823,MOU114,Compumax,Equipo de computo,Mouse,,Compumax Computer ,CK440U-10928,Campuslands,0,[]
327,966217823,CPU115,Compumax,Equipo de computo,Cpu,,Compumax Computer ,Sin serial ,Campuslands,0,[]
327,966217823,MON115,Compumax,Equipo de computo,Monitor,,Compumax Computer ,500SN32567,Campuslands,0,[]
327,966217823,TEC115,Compumax,Equipo de computo,Teclado,,Compumax Computer ,COM2024CM21070511,Campuslands,0,[]
327,966217823,MOU115,Compumax,Equipo de computo,Mouse,,Compumax Computer ,CK440U-11024,Campuslands,0,[]
327,966217823,CPU116,Compumax,Equipo de computo,Cpu,,Compumax Computer ,Sin serial ,Campuslands,0,[]
327,966217823,MON116,Compumax,Equipo de computo,Monitor,,Compumax Computer ,500SN32585,Campuslands,0,[]
327,966217823,TEC116,Compumax,Equipo de computo,Teclado,,Compumax Computer ,COM2024CM21070408,Campuslands,0,[]
327,966217823,MOU116,Compumax,Equipo de computo,Mouse,,Compumax Computer ,CK440U-10931,Campuslands,0,[]
327,966217823,CPU117,Compumax,Equipo de computo,Cpu,,Compumax Computer ,Sin serial ,Campuslands,0,[]
327,966217823,MON117,Compumax,Equipo de computo,Monitor,,Compumax Computer ,500SN32572,Campuslands,0,[]
327,966217823,TEC117,Compumax,Equipo de computo,Teclado,,Compumax Computer ,COM2024CM21070209,Campuslands,0,[]
327,966217823,MOU117,Compumax,Equipo de computo,Mouse,,Compumax Computer ,CK440U-11023,Campuslands,0,[]
327,966217823,CPU118,Compumax,Equipo de computo,Cpu,,Compumax Computer ,Sin serial ,Campuslands,0,[]
327,966217823,MON118,Compumax,Equipo de computo,Monitor,,Compumax Computer ,500SN32599,Campuslands,0,[]
327,966217823,TEC118,Compumax,Equipo de computo,Teclado,,Compumax Computer ,COM2024CM21070285,Campuslands,0,[]
327,966217823,MOU118,Compumax,Equipo de computo,Mouse,,Compumax Computer ,CK440U-11026,Campuslands,0,[]
327,966217823,CPU119,Compumax,Equipo de computo,Cpu,,Compumax Computer ,Sin serial ,Campuslands,0,[]
327,966217823,MON119,Compumax,Equipo de computo,Monitor,,Compumax Computer ,500SN32581,Campuslands,0,[]
327,966217823,TEC119,Compumax,Equipo de computo,Teclado,,Compumax Computer ,COM2024CM21070086,Campuslands,0,[]
327,966217823,MOU119,Compumax,Equipo de computo,Mouse,,Compumax Computer ,CK440U-11025,Campuslands,0,[]
327,966217823,CPU120,Compumax,Equipo de computo,Cpu,,Compumax Computer ,Sin serial ,Campuslands,0,[]
327,966217823,MON120,Compumax,Equipo de computo,Monitor,,Compumax Computer ,500SN32619,Campuslands,0,[]
327,966217823,TEC120,Compumax,Equipo de computo,Teclado,,Compumax Computer ,COM2024CM21070669,Campuslands,0,[]
327,966217823,MOU120,Compumax,Equipo de computo,Mouse,,Compumax Computer ,CK440U-10930,Campuslands,0,[]
327,966217823,CPU121,Compumax,Equipo de computo,Cpu,,Compumax Computer ,Sin serial ,Campuslands,0,[]
327,966217823,MON121,Compumax,Equipo de computo,Monitor,,Compumax Computer ,500SN32575,Campuslands,0,[]
327,966217823,TEC121,Compumax,Equipo de computo,Teclado,,Compumax Computer ,COM2024CM21070692,Campuslands,0,[]
327,966217823,MOU121,Compumax,Equipo de computo,Mouse,,Compumax Computer ,CK440U-10929,Campuslands,0,[]
327,966217823,CPU122,Compumax,Equipo de computo,Cpu,,Compumax Computer ,Sin serial ,Campuslands,0,[]
327,966217823,MON122,Compumax,Equipo de computo,Monitor,,Compumax Computer ,500SN32595,Campuslands,0,[]
327,966217823,TEC122,Compumax,Equipo de computo,Teclado,,Compumax Computer ,COM2024CM21070057,Campuslands,0,[]
327,966217823,MOU122,Compumax,Equipo de computo,Mouse,,Compumax Computer ,CK440U-10760,Campuslands,0,[]
327,966217823,CPU123,Compumax,Equipo de computo,Cpu,,Compumax Computer ,Sin serial ,Campuslands,0,[]
327,966217823,MON123,Compumax,Equipo de computo,Monitor,,Compumax Computer ,500SN32604,Campuslands,0,[]
327,966217823,TEC123,Compumax,Equipo de computo,Teclado,,Compumax Computer ,COM2024CM21070575,Campuslands,0,[]
327,966217823,MOU123,Compumax,Equipo de computo,Mouse,,Compumax Computer ,CK440U-10656,Campuslands,0,[]
